text,label
1. Introduction,H1
2. Background and Motivation,H1
CHAPTER I: THE BEGINNING,H1
Executive Summary,H1
Abstract,H1
1.1 System Architecture,H2
2.1 Related Work,H2
Key Findings,H2
Methodology,H2
Results and Discussion,H2
1.1.1 Data Preprocessing,H3
2.1.1 Previous Models,H3
Limitations:,H3
Future Work:,H3
Statistical Analysis,H3
This paper presents a novel approach to document understanding.,O
The quick brown fox jumps over the lazy dog.,O
"As shown in Figure 3, the results indicate a significant improvement.",O
All rights reserved. This document is confidential.,O
"For more information, please contact the authors.",O
The data was collected over a period of six months.,O
We used a standard dataset for our evaluation.,O
1. Introduction,H1
2. Background and Motivation,H1
CHAPTER I: THE BEGINNING,H1
Executive Summary,H1
Abstract,H1
1.1 System Architecture,H2
2.1 Related Work,H2
Key Findings,H2
Methodology,H2
Results and Discussion,H2
1.1.1 Data Preprocessing,H3
2.1.1 Previous Models,H3
Limitations:,H3
Future Work:,H3
Statistical Analysis,H3
This paper presents a novel approach to document understanding.,O
The quick brown fox jumps over the lazy dog.,O
"As shown in Figure 3, the results indicate a significant improvement.",O
All rights reserved. This document is confidential.,O
"For more information, please contact the authors.",O
The data was collected over a period of six months.,O
We used a standard dataset for our evaluation.,O
1. Introduction,H1
2. Background and Motivation,H1
CHAPTER I: THE BEGINNING,H1
Executive Summary,H1
Abstract,H1
1.1 System Architecture,H2
2.1 Related Work,H2
Key Findings,H2
Methodology,H2
Results and Discussion,H2
1.1.1 Data Preprocessing,H3
2.1.1 Previous Models,H3
Limitations:,H3
Future Work:,H3
Statistical Analysis,H3
This paper presents a novel approach to document understanding.,O
The quick brown fox jumps over the lazy dog.,O
"As shown in Figure 3, the results indicate a significant improvement.",O
All rights reserved. This document is confidential.,O
"For more information, please contact the authors.",O
The data was collected over a period of six months.,O
We used a standard dataset for our evaluation.,O
1. Introduction,H1
2. Background and Motivation,H1
CHAPTER I: THE BEGINNING,H1
Executive Summary,H1
Abstract,H1
1.1 System Architecture,H2
2.1 Related Work,H2
Key Findings,H2
Methodology,H2
Results and Discussion,H2
1.1.1 Data Preprocessing,H3
2.1.1 Previous Models,H3
Limitations:,H3
Future Work:,H3
Statistical Analysis,H3
This paper presents a novel approach to document understanding.,O
The quick brown fox jumps over the lazy dog.,O
"As shown in Figure 3, the results indicate a significant improvement.",O
All rights reserved. This document is confidential.,O
"For more information, please contact the authors.",O
The data was collected over a period of six months.,O
We used a standard dataset for our evaluation.,O
1. Introduction,H1
2. Background and Motivation,H1
CHAPTER I: THE BEGINNING,H1
Executive Summary,H1
Abstract,H1
1.1 System Architecture,H2
2.1 Related Work,H2
Key Findings,H2
Methodology,H2
Results and Discussion,H2
1.1.1 Data Preprocessing,H3
2.1.1 Previous Models,H3
Limitations:,H3
Future Work:,H3
Statistical Analysis,H3
This paper presents a novel approach to document understanding.,O
The quick brown fox jumps over the lazy dog.,O
"As shown in Figure 3, the results indicate a significant improvement.",O
All rights reserved. This document is confidential.,O
"For more information, please contact the authors.",O
The data was collected over a period of six months.,O
We used a standard dataset for our evaluation.,O
1. Introduction,H1
2. Background and Motivation,H1
CHAPTER I: THE BEGINNING,H1
Executive Summary,H1
Abstract,H1
1.1 System Architecture,H2
2.1 Related Work,H2
Key Findings,H2
Methodology,H2
Results and Discussion,H2
1.1.1 Data Preprocessing,H3
2.1.1 Previous Models,H3
Limitations:,H3
Future Work:,H3
Statistical Analysis,H3
This paper presents a novel approach to document understanding.,O
The quick brown fox jumps over the lazy dog.,O
"As shown in Figure 3, the results indicate a significant improvement.",O
All rights reserved. This document is confidential.,O
"For more information, please contact the authors.",O
The data was collected over a period of six months.,O
We used a standard dataset for our evaluation.,O
1. Introduction,H1
2. Background and Motivation,H1
CHAPTER I: THE BEGINNING,H1
Executive Summary,H1
Abstract,H1
1.1 System Architecture,H2
2.1 Related Work,H2
Key Findings,H2
Methodology,H2
Results and Discussion,H2
1.1.1 Data Preprocessing,H3
2.1.1 Previous Models,H3
Limitations:,H3
Future Work:,H3
Statistical Analysis,H3
This paper presents a novel approach to document understanding.,O
The quick brown fox jumps over the lazy dog.,O
"As shown in Figure 3, the results indicate a significant improvement.",O
All rights reserved. This document is confidential.,O
"For more information, please contact the authors.",O
The data was collected over a period of six months.,O
We used a standard dataset for our evaluation.,O
1. Introduction,H1
2. Background and Motivation,H1
CHAPTER I: THE BEGINNING,H1
Executive Summary,H1
Abstract,H1
1.1 System Architecture,H2
2.1 Related Work,H2
Key Findings,H2
Methodology,H2
Results and Discussion,H2
1.1.1 Data Preprocessing,H3
2.1.1 Previous Models,H3
Limitations:,H3
Future Work:,H3
Statistical Analysis,H3
This paper presents a novel approach to document understanding.,O
The quick brown fox jumps over the lazy dog.,O
"As shown in Figure 3, the results indicate a significant improvement.",O
All rights reserved. This document is confidential.,O
"For more information, please contact the authors.",O
The data was collected over a period of six months.,O
We used a standard dataset for our evaluation.,O
1. Introduction,H1
2. Background and Motivation,H1
CHAPTER I: THE BEGINNING,H1
Executive Summary,H1
Abstract,H1
1.1 System Architecture,H2
2.1 Related Work,H2
Key Findings,H2
Methodology,H2
Results and Discussion,H2
1.1.1 Data Preprocessing,H3
2.1.1 Previous Models,H3
Limitations:,H3
Future Work:,H3
Statistical Analysis,H3
This paper presents a novel approach to document understanding.,O
The quick brown fox jumps over the lazy dog.,O
"As shown in Figure 3, the results indicate a significant improvement.",O
All rights reserved. This document is confidential.,O
"For more information, please contact the authors.",O
The data was collected over a period of six months.,O
We used a standard dataset for our evaluation.,O
1. Introduction,H1
2. Background and Motivation,H1
CHAPTER I: THE BEGINNING,H1
Executive Summary,H1
Abstract,H1
1.1 System Architecture,H2
2.1 Related Work,H2
Key Findings,H2
Methodology,H2
Results and Discussion,H2
1.1.1 Data Preprocessing,H3
2.1.1 Previous Models,H3
Limitations:,H3
Future Work:,H3
Statistical Analysis,H3
This paper presents a novel approach to document understanding.,O
The quick brown fox jumps over the lazy dog.,O
"As shown in Figure 3, the results indicate a significant improvement.",O
All rights reserved. This document is confidential.,O
"For more information, please contact the authors.",O
The data was collected over a period of six months.,O
We used a standard dataset for our evaluation.,O
1. Introduction,H1
2. Background and Motivation,H1
CHAPTER I: THE BEGINNING,H1
Executive Summary,H1
Abstract,H1
1.1 System Architecture,H2
2.1 Related Work,H2
Key Findings,H2
Methodology,H2
Results and Discussion,H2
1.1.1 Data Preprocessing,H3
2.1.1 Previous Models,H3
Limitations:,H3
Future Work:,H3
Statistical Analysis,H3
This paper presents a novel approach to document understanding.,O
The quick brown fox jumps over the lazy dog.,O
"As shown in Figure 3, the results indicate a significant improvement.",O
All rights reserved. This document is confidential.,O
"For more information, please contact the authors.",O
The data was collected over a period of six months.,O
We used a standard dataset for our evaluation.,O
1. Introduction,H1
2. Background and Motivation,H1
CHAPTER I: THE BEGINNING,H1
Executive Summary,H1
Abstract,H1
1.1 System Architecture,H2
2.1 Related Work,H2
Key Findings,H2
Methodology,H2
Results and Discussion,H2
1.1.1 Data Preprocessing,H3
2.1.1 Previous Models,H3
Limitations:,H3
Future Work:,H3
Statistical Analysis,H3
This paper presents a novel approach to document understanding.,O
The quick brown fox jumps over the lazy dog.,O
"As shown in Figure 3, the results indicate a significant improvement.",O
All rights reserved. This document is confidential.,O
"For more information, please contact the authors.",O
The data was collected over a period of six months.,O
We used a standard dataset for our evaluation.,O
1. Introduction,H1
2. Background and Motivation,H1
CHAPTER I: THE BEGINNING,H1
Executive Summary,H1
Abstract,H1
1.1 System Architecture,H2
2.1 Related Work,H2
Key Findings,H2
Methodology,H2
Results and Discussion,H2
1.1.1 Data Preprocessing,H3
2.1.1 Previous Models,H3
Limitations:,H3
Future Work:,H3
Statistical Analysis,H3
This paper presents a novel approach to document understanding.,O
The quick brown fox jumps over the lazy dog.,O
"As shown in Figure 3, the results indicate a significant improvement.",O
All rights reserved. This document is confidential.,O
"For more information, please contact the authors.",O
The data was collected over a period of six months.,O
We used a standard dataset for our evaluation.,O
1. Introduction,H1
2. Background and Motivation,H1
CHAPTER I: THE BEGINNING,H1
Executive Summary,H1
Abstract,H1
1.1 System Architecture,H2
2.1 Related Work,H2
Key Findings,H2
Methodology,H2
Results and Discussion,H2
1.1.1 Data Preprocessing,H3
2.1.1 Previous Models,H3
Limitations:,H3
Future Work:,H3
Statistical Analysis,H3
This paper presents a novel approach to document understanding.,O
The quick brown fox jumps over the lazy dog.,O
"As shown in Figure 3, the results indicate a significant improvement.",O
All rights reserved. This document is confidential.,O
"For more information, please contact the authors.",O
The data was collected over a period of six months.,O
We used a standard dataset for our evaluation.,O
1. Introduction,H1
2. Background and Motivation,H1
CHAPTER I: THE BEGINNING,H1
Executive Summary,H1
Abstract,H1
1.1 System Architecture,H2
2.1 Related Work,H2
Key Findings,H2
Methodology,H2
Results and Discussion,H2
1.1.1 Data Preprocessing,H3
2.1.1 Previous Models,H3
Limitations:,H3
Future Work:,H3
Statistical Analysis,H3
This paper presents a novel approach to document understanding.,O
The quick brown fox jumps over the lazy dog.,O
"As shown in Figure 3, the results indicate a significant improvement.",O
All rights reserved. This document is confidential.,O
"For more information, please contact the authors.",O
The data was collected over a period of six months.,O
We used a standard dataset for our evaluation.,O
1. Introduction,H1
2. Background and Motivation,H1
CHAPTER I: THE BEGINNING,H1
Executive Summary,H1
Abstract,H1
1.1 System Architecture,H2
2.1 Related Work,H2
Key Findings,H2
Methodology,H2
Results and Discussion,H2
1.1.1 Data Preprocessing,H3
2.1.1 Previous Models,H3
Limitations:,H3
Future Work:,H3
Statistical Analysis,H3
This paper presents a novel approach to document understanding.,O
The quick brown fox jumps over the lazy dog.,O
"As shown in Figure 3, the results indicate a significant improvement.",O
All rights reserved. This document is confidential.,O
"For more information, please contact the authors.",O
The data was collected over a period of six months.,O
We used a standard dataset for our evaluation.,O
1. Introduction,H1
2. Background and Motivation,H1
CHAPTER I: THE BEGINNING,H1
Executive Summary,H1
Abstract,H1
1.1 System Architecture,H2
2.1 Related Work,H2
Key Findings,H2
Methodology,H2
Results and Discussion,H2
1.1.1 Data Preprocessing,H3
2.1.1 Previous Models,H3
Limitations:,H3
Future Work:,H3
Statistical Analysis,H3
This paper presents a novel approach to document understanding.,O
The quick brown fox jumps over the lazy dog.,O
"As shown in Figure 3, the results indicate a significant improvement.",O
All rights reserved. This document is confidential.,O
"For more information, please contact the authors.",O
The data was collected over a period of six months.,O
We used a standard dataset for our evaluation.,O
1. Introduction,H1
2. Background and Motivation,H1
CHAPTER I: THE BEGINNING,H1
Executive Summary,H1
Abstract,H1
1.1 System Architecture,H2
2.1 Related Work,H2
Key Findings,H2
Methodology,H2
Results and Discussion,H2
1.1.1 Data Preprocessing,H3
2.1.1 Previous Models,H3
Limitations:,H3
Future Work:,H3
Statistical Analysis,H3
This paper presents a novel approach to document understanding.,O
The quick brown fox jumps over the lazy dog.,O
"As shown in Figure 3, the results indicate a significant improvement.",O
All rights reserved. This document is confidential.,O
"For more information, please contact the authors.",O
The data was collected over a period of six months.,O
We used a standard dataset for our evaluation.,O
1. Introduction,H1
2. Background and Motivation,H1
CHAPTER I: THE BEGINNING,H1
Executive Summary,H1
Abstract,H1
1.1 System Architecture,H2
2.1 Related Work,H2
Key Findings,H2
Methodology,H2
Results and Discussion,H2
1.1.1 Data Preprocessing,H3
2.1.1 Previous Models,H3
Limitations:,H3
Future Work:,H3
Statistical Analysis,H3
This paper presents a novel approach to document understanding.,O
The quick brown fox jumps over the lazy dog.,O
"As shown in Figure 3, the results indicate a significant improvement.",O
All rights reserved. This document is confidential.,O
"For more information, please contact the authors.",O
The data was collected over a period of six months.,O
We used a standard dataset for our evaluation.,O
1. Introduction,H1
2. Background and Motivation,H1
CHAPTER I: THE BEGINNING,H1
Executive Summary,H1
Abstract,H1
1.1 System Architecture,H2
2.1 Related Work,H2
Key Findings,H2
Methodology,H2
Results and Discussion,H2
1.1.1 Data Preprocessing,H3
2.1.1 Previous Models,H3
Limitations:,H3
Future Work:,H3
Statistical Analysis,H3
This paper presents a novel approach to document understanding.,O
The quick brown fox jumps over the lazy dog.,O
"As shown in Figure 3, the results indicate a significant improvement.",O
All rights reserved. This document is confidential.,O
"For more information, please contact the authors.",O
The data was collected over a period of six months.,O
We used a standard dataset for our evaluation.,O
1. Introduction,H1
2. Background and Motivation,H1
CHAPTER I: THE BEGINNING,H1
Executive Summary,H1
Abstract,H1
1.1 System Architecture,H2
2.1 Related Work,H2
Key Findings,H2
Methodology,H2
Results and Discussion,H2
1.1.1 Data Preprocessing,H3
2.1.1 Previous Models,H3
Limitations:,H3
Future Work:,H3
Statistical Analysis,H3
This paper presents a novel approach to document understanding.,O
The quick brown fox jumps over the lazy dog.,O
"As shown in Figure 3, the results indicate a significant improvement.",O
All rights reserved. This document is confidential.,O
"For more information, please contact the authors.",O
The data was collected over a period of six months.,O
We used a standard dataset for our evaluation.,O
1. Introduction,H1
2. Background and Motivation,H1
CHAPTER I: THE BEGINNING,H1
Executive Summary,H1
Abstract,H1
1.1 System Architecture,H2
2.1 Related Work,H2
Key Findings,H2
Methodology,H2
Results and Discussion,H2
1.1.1 Data Preprocessing,H3
2.1.1 Previous Models,H3
Limitations:,H3
Future Work:,H3
Statistical Analysis,H3
This paper presents a novel approach to document understanding.,O
The quick brown fox jumps over the lazy dog.,O
"As shown in Figure 3, the results indicate a significant improvement.",O
All rights reserved. This document is confidential.,O
"For more information, please contact the authors.",O
The data was collected over a period of six months.,O
We used a standard dataset for our evaluation.,O
1. Introduction,H1
2. Background and Motivation,H1
CHAPTER I: THE BEGINNING,H1
Executive Summary,H1
Abstract,H1
1.1 System Architecture,H2
2.1 Related Work,H2
Key Findings,H2
Methodology,H2
Results and Discussion,H2
1.1.1 Data Preprocessing,H3
2.1.1 Previous Models,H3
Limitations:,H3
Future Work:,H3
Statistical Analysis,H3
This paper presents a novel approach to document understanding.,O
The quick brown fox jumps over the lazy dog.,O
"As shown in Figure 3, the results indicate a significant improvement.",O
All rights reserved. This document is confidential.,O
"For more information, please contact the authors.",O
The data was collected over a period of six months.,O
We used a standard dataset for our evaluation.,O
1. Introduction,H1
2. Background and Motivation,H1
CHAPTER I: THE BEGINNING,H1
Executive Summary,H1
Abstract,H1
1.1 System Architecture,H2
2.1 Related Work,H2
Key Findings,H2
Methodology,H2
Results and Discussion,H2
1.1.1 Data Preprocessing,H3
2.1.1 Previous Models,H3
Limitations:,H3
Future Work:,H3
Statistical Analysis,H3
This paper presents a novel approach to document understanding.,O
The quick brown fox jumps over the lazy dog.,O
"As shown in Figure 3, the results indicate a significant improvement.",O
All rights reserved. This document is confidential.,O
"For more information, please contact the authors.",O
The data was collected over a period of six months.,O
We used a standard dataset for our evaluation.,O
1. Introduction,H1
2. Background and Motivation,H1
CHAPTER I: THE BEGINNING,H1
Executive Summary,H1
Abstract,H1
1.1 System Architecture,H2
2.1 Related Work,H2
Key Findings,H2
Methodology,H2
Results and Discussion,H2
1.1.1 Data Preprocessing,H3
2.1.1 Previous Models,H3
Limitations:,H3
Future Work:,H3
Statistical Analysis,H3
This paper presents a novel approach to document understanding.,O
The quick brown fox jumps over the lazy dog.,O
"As shown in Figure 3, the results indicate a significant improvement.",O
All rights reserved. This document is confidential.,O
"For more information, please contact the authors.",O
The data was collected over a period of six months.,O
We used a standard dataset for our evaluation.,O
1. Introduction,H1
2. Background and Motivation,H1
CHAPTER I: THE BEGINNING,H1
Executive Summary,H1
Abstract,H1
1.1 System Architecture,H2
2.1 Related Work,H2
Key Findings,H2
Methodology,H2
Results and Discussion,H2
1.1.1 Data Preprocessing,H3
2.1.1 Previous Models,H3
Limitations:,H3
Future Work:,H3
Statistical Analysis,H3
This paper presents a novel approach to document understanding.,O
The quick brown fox jumps over the lazy dog.,O
"As shown in Figure 3, the results indicate a significant improvement.",O
All rights reserved. This document is confidential.,O
"For more information, please contact the authors.",O
The data was collected over a period of six months.,O
We used a standard dataset for our evaluation.,O
1. Introduction,H1
2. Background and Motivation,H1
CHAPTER I: THE BEGINNING,H1
Executive Summary,H1
Abstract,H1
1.1 System Architecture,H2
2.1 Related Work,H2
Key Findings,H2
Methodology,H2
Results and Discussion,H2
1.1.1 Data Preprocessing,H3
2.1.1 Previous Models,H3
Limitations:,H3
Future Work:,H3
Statistical Analysis,H3
This paper presents a novel approach to document understanding.,O
The quick brown fox jumps over the lazy dog.,O
"As shown in Figure 3, the results indicate a significant improvement.",O
All rights reserved. This document is confidential.,O
"For more information, please contact the authors.",O
The data was collected over a period of six months.,O
We used a standard dataset for our evaluation.,O
1. Introduction,H1
2. Background and Motivation,H1
CHAPTER I: THE BEGINNING,H1
Executive Summary,H1
Abstract,H1
1.1 System Architecture,H2
2.1 Related Work,H2
Key Findings,H2
Methodology,H2
Results and Discussion,H2
1.1.1 Data Preprocessing,H3
2.1.1 Previous Models,H3
Limitations:,H3
Future Work:,H3
Statistical Analysis,H3
This paper presents a novel approach to document understanding.,O
The quick brown fox jumps over the lazy dog.,O
"As shown in Figure 3, the results indicate a significant improvement.",O
All rights reserved. This document is confidential.,O
"For more information, please contact the authors.",O
The data was collected over a period of six months.,O
We used a standard dataset for our evaluation.,O
1. Introduction,H1
2. Background and Motivation,H1
CHAPTER I: THE BEGINNING,H1
Executive Summary,H1
Abstract,H1
1.1 System Architecture,H2
2.1 Related Work,H2
Key Findings,H2
Methodology,H2
Results and Discussion,H2
1.1.1 Data Preprocessing,H3
2.1.1 Previous Models,H3
Limitations:,H3
Future Work:,H3
Statistical Analysis,H3
This paper presents a novel approach to document understanding.,O
The quick brown fox jumps over the lazy dog.,O
"As shown in Figure 3, the results indicate a significant improvement.",O
All rights reserved. This document is confidential.,O
"For more information, please contact the authors.",O
The data was collected over a period of six months.,O
We used a standard dataset for our evaluation.,O
1. Introduction,H1
2. Background and Motivation,H1
CHAPTER I: THE BEGINNING,H1
Executive Summary,H1
Abstract,H1
1.1 System Architecture,H2
2.1 Related Work,H2
Key Findings,H2
Methodology,H2
Results and Discussion,H2
1.1.1 Data Preprocessing,H3
2.1.1 Previous Models,H3
Limitations:,H3
Future Work:,H3
Statistical Analysis,H3
This paper presents a novel approach to document understanding.,O
The quick brown fox jumps over the lazy dog.,O
"As shown in Figure 3, the results indicate a significant improvement.",O
All rights reserved. This document is confidential.,O
"For more information, please contact the authors.",O
The data was collected over a period of six months.,O
We used a standard dataset for our evaluation.,O
1. Introduction,H1
2. Background and Motivation,H1
CHAPTER I: THE BEGINNING,H1
Executive Summary,H1
Abstract,H1
1.1 System Architecture,H2
2.1 Related Work,H2
Key Findings,H2
Methodology,H2
Results and Discussion,H2
1.1.1 Data Preprocessing,H3
2.1.1 Previous Models,H3
Limitations:,H3
Future Work:,H3
Statistical Analysis,H3
This paper presents a novel approach to document understanding.,O
The quick brown fox jumps over the lazy dog.,O
"As shown in Figure 3, the results indicate a significant improvement.",O
All rights reserved. This document is confidential.,O
"For more information, please contact the authors.",O
The data was collected over a period of six months.,O
We used a standard dataset for our evaluation.,O
1. Introduction,H1
2. Background and Motivation,H1
CHAPTER I: THE BEGINNING,H1
Executive Summary,H1
Abstract,H1
1.1 System Architecture,H2
2.1 Related Work,H2
Key Findings,H2
Methodology,H2
Results and Discussion,H2
1.1.1 Data Preprocessing,H3
2.1.1 Previous Models,H3
Limitations:,H3
Future Work:,H3
Statistical Analysis,H3
This paper presents a novel approach to document understanding.,O
The quick brown fox jumps over the lazy dog.,O
"As shown in Figure 3, the results indicate a significant improvement.",O
All rights reserved. This document is confidential.,O
"For more information, please contact the authors.",O
The data was collected over a period of six months.,O
We used a standard dataset for our evaluation.,O
1. Introduction,H1
2. Background and Motivation,H1
CHAPTER I: THE BEGINNING,H1
Executive Summary,H1
Abstract,H1
1.1 System Architecture,H2
2.1 Related Work,H2
Key Findings,H2
Methodology,H2
Results and Discussion,H2
1.1.1 Data Preprocessing,H3
2.1.1 Previous Models,H3
Limitations:,H3
Future Work:,H3
Statistical Analysis,H3
This paper presents a novel approach to document understanding.,O
The quick brown fox jumps over the lazy dog.,O
"As shown in Figure 3, the results indicate a significant improvement.",O
All rights reserved. This document is confidential.,O
"For more information, please contact the authors.",O
The data was collected over a period of six months.,O
We used a standard dataset for our evaluation.,O
1. Introduction,H1
2. Background and Motivation,H1
CHAPTER I: THE BEGINNING,H1
Executive Summary,H1
Abstract,H1
1.1 System Architecture,H2
2.1 Related Work,H2
Key Findings,H2
Methodology,H2
Results and Discussion,H2
1.1.1 Data Preprocessing,H3
2.1.1 Previous Models,H3
Limitations:,H3
Future Work:,H3
Statistical Analysis,H3
This paper presents a novel approach to document understanding.,O
The quick brown fox jumps over the lazy dog.,O
"As shown in Figure 3, the results indicate a significant improvement.",O
All rights reserved. This document is confidential.,O
"For more information, please contact the authors.",O
The data was collected over a period of six months.,O
We used a standard dataset for our evaluation.,O
1. Introduction,H1
2. Background and Motivation,H1
CHAPTER I: THE BEGINNING,H1
Executive Summary,H1
Abstract,H1
1.1 System Architecture,H2
2.1 Related Work,H2
Key Findings,H2
Methodology,H2
Results and Discussion,H2
1.1.1 Data Preprocessing,H3
2.1.1 Previous Models,H3
Limitations:,H3
Future Work:,H3
Statistical Analysis,H3
This paper presents a novel approach to document understanding.,O
The quick brown fox jumps over the lazy dog.,O
"As shown in Figure 3, the results indicate a significant improvement.",O
All rights reserved. This document is confidential.,O
"For more information, please contact the authors.",O
The data was collected over a period of six months.,O
We used a standard dataset for our evaluation.,O
1. Introduction,H1
2. Background and Motivation,H1
CHAPTER I: THE BEGINNING,H1
Executive Summary,H1
Abstract,H1
1.1 System Architecture,H2
2.1 Related Work,H2
Key Findings,H2
Methodology,H2
Results and Discussion,H2
1.1.1 Data Preprocessing,H3
2.1.1 Previous Models,H3
Limitations:,H3
Future Work:,H3
Statistical Analysis,H3
This paper presents a novel approach to document understanding.,O
The quick brown fox jumps over the lazy dog.,O
"As shown in Figure 3, the results indicate a significant improvement.",O
All rights reserved. This document is confidential.,O
"For more information, please contact the authors.",O
The data was collected over a period of six months.,O
We used a standard dataset for our evaluation.,O
1. Introduction,H1
2. Background and Motivation,H1
CHAPTER I: THE BEGINNING,H1
Executive Summary,H1
Abstract,H1
1.1 System Architecture,H2
2.1 Related Work,H2
Key Findings,H2
Methodology,H2
Results and Discussion,H2
1.1.1 Data Preprocessing,H3
2.1.1 Previous Models,H3
Limitations:,H3
Future Work:,H3
Statistical Analysis,H3
This paper presents a novel approach to document understanding.,O
The quick brown fox jumps over the lazy dog.,O
"As shown in Figure 3, the results indicate a significant improvement.",O
All rights reserved. This document is confidential.,O
"For more information, please contact the authors.",O
The data was collected over a period of six months.,O
We used a standard dataset for our evaluation.,O
1. Introduction,H1
2. Background and Motivation,H1
CHAPTER I: THE BEGINNING,H1
Executive Summary,H1
Abstract,H1
1.1 System Architecture,H2
2.1 Related Work,H2
Key Findings,H2
Methodology,H2
Results and Discussion,H2
1.1.1 Data Preprocessing,H3
2.1.1 Previous Models,H3
Limitations:,H3
Future Work:,H3
Statistical Analysis,H3
This paper presents a novel approach to document understanding.,O
The quick brown fox jumps over the lazy dog.,O
"As shown in Figure 3, the results indicate a significant improvement.",O
All rights reserved. This document is confidential.,O
"For more information, please contact the authors.",O
The data was collected over a period of six months.,O
We used a standard dataset for our evaluation.,O
1. Introduction,H1
2. Background and Motivation,H1
CHAPTER I: THE BEGINNING,H1
Executive Summary,H1
Abstract,H1
1.1 System Architecture,H2
2.1 Related Work,H2
Key Findings,H2
Methodology,H2
Results and Discussion,H2
1.1.1 Data Preprocessing,H3
2.1.1 Previous Models,H3
Limitations:,H3
Future Work:,H3
Statistical Analysis,H3
This paper presents a novel approach to document understanding.,O
The quick brown fox jumps over the lazy dog.,O
"As shown in Figure 3, the results indicate a significant improvement.",O
All rights reserved. This document is confidential.,O
"For more information, please contact the authors.",O
The data was collected over a period of six months.,O
We used a standard dataset for our evaluation.,O
1. Introduction,H1
2. Background and Motivation,H1
CHAPTER I: THE BEGINNING,H1
Executive Summary,H1
Abstract,H1
1.1 System Architecture,H2
2.1 Related Work,H2
Key Findings,H2
Methodology,H2
Results and Discussion,H2
1.1.1 Data Preprocessing,H3
2.1.1 Previous Models,H3
Limitations:,H3
Future Work:,H3
Statistical Analysis,H3
This paper presents a novel approach to document understanding.,O
The quick brown fox jumps over the lazy dog.,O
"As shown in Figure 3, the results indicate a significant improvement.",O
All rights reserved. This document is confidential.,O
"For more information, please contact the authors.",O
The data was collected over a period of six months.,O
We used a standard dataset for our evaluation.,O
1. Introduction,H1
2. Background and Motivation,H1
CHAPTER I: THE BEGINNING,H1
Executive Summary,H1
Abstract,H1
1.1 System Architecture,H2
2.1 Related Work,H2
Key Findings,H2
Methodology,H2
Results and Discussion,H2
1.1.1 Data Preprocessing,H3
2.1.1 Previous Models,H3
Limitations:,H3
Future Work:,H3
Statistical Analysis,H3
This paper presents a novel approach to document understanding.,O
The quick brown fox jumps over the lazy dog.,O
"As shown in Figure 3, the results indicate a significant improvement.",O
All rights reserved. This document is confidential.,O
"For more information, please contact the authors.",O
The data was collected over a period of six months.,O
We used a standard dataset for our evaluation.,O
1. Introduction,H1
2. Background and Motivation,H1
CHAPTER I: THE BEGINNING,H1
Executive Summary,H1
Abstract,H1
1.1 System Architecture,H2
2.1 Related Work,H2
Key Findings,H2
Methodology,H2
Results and Discussion,H2
1.1.1 Data Preprocessing,H3
2.1.1 Previous Models,H3
Limitations:,H3
Future Work:,H3
Statistical Analysis,H3
This paper presents a novel approach to document understanding.,O
The quick brown fox jumps over the lazy dog.,O
"As shown in Figure 3, the results indicate a significant improvement.",O
All rights reserved. This document is confidential.,O
"For more information, please contact the authors.",O
The data was collected over a period of six months.,O
We used a standard dataset for our evaluation.,O
1. Introduction,H1
2. Background and Motivation,H1
CHAPTER I: THE BEGINNING,H1
Executive Summary,H1
Abstract,H1
1.1 System Architecture,H2
2.1 Related Work,H2
Key Findings,H2
Methodology,H2
Results and Discussion,H2
1.1.1 Data Preprocessing,H3
2.1.1 Previous Models,H3
Limitations:,H3
Future Work:,H3
Statistical Analysis,H3
This paper presents a novel approach to document understanding.,O
The quick brown fox jumps over the lazy dog.,O
"As shown in Figure 3, the results indicate a significant improvement.",O
All rights reserved. This document is confidential.,O
"For more information, please contact the authors.",O
The data was collected over a period of six months.,O
We used a standard dataset for our evaluation.,O
1. Introduction,H1
2. Background and Motivation,H1
CHAPTER I: THE BEGINNING,H1
Executive Summary,H1
Abstract,H1
1.1 System Architecture,H2
2.1 Related Work,H2
Key Findings,H2
Methodology,H2
Results and Discussion,H2
1.1.1 Data Preprocessing,H3
2.1.1 Previous Models,H3
Limitations:,H3
Future Work:,H3
Statistical Analysis,H3
This paper presents a novel approach to document understanding.,O
The quick brown fox jumps over the lazy dog.,O
"As shown in Figure 3, the results indicate a significant improvement.",O
All rights reserved. This document is confidential.,O
"For more information, please contact the authors.",O
The data was collected over a period of six months.,O
We used a standard dataset for our evaluation.,O
1. Introduction,H1
2. Background and Motivation,H1
CHAPTER I: THE BEGINNING,H1
Executive Summary,H1
Abstract,H1
1.1 System Architecture,H2
2.1 Related Work,H2
Key Findings,H2
Methodology,H2
Results and Discussion,H2
1.1.1 Data Preprocessing,H3
2.1.1 Previous Models,H3
Limitations:,H3
Future Work:,H3
Statistical Analysis,H3
This paper presents a novel approach to document understanding.,O
The quick brown fox jumps over the lazy dog.,O
"As shown in Figure 3, the results indicate a significant improvement.",O
All rights reserved. This document is confidential.,O
"For more information, please contact the authors.",O
The data was collected over a period of six months.,O
We used a standard dataset for our evaluation.,O
1. Introduction,H1
2. Background and Motivation,H1
CHAPTER I: THE BEGINNING,H1
Executive Summary,H1
Abstract,H1
1.1 System Architecture,H2
2.1 Related Work,H2
Key Findings,H2
Methodology,H2
Results and Discussion,H2
1.1.1 Data Preprocessing,H3
2.1.1 Previous Models,H3
Limitations:,H3
Future Work:,H3
Statistical Analysis,H3
This paper presents a novel approach to document understanding.,O
The quick brown fox jumps over the lazy dog.,O
"As shown in Figure 3, the results indicate a significant improvement.",O
All rights reserved. This document is confidential.,O
"For more information, please contact the authors.",O
The data was collected over a period of six months.,O
We used a standard dataset for our evaluation.,O
1. Introduction,H1
2. Background and Motivation,H1
CHAPTER I: THE BEGINNING,H1
Executive Summary,H1
Abstract,H1
1.1 System Architecture,H2
2.1 Related Work,H2
Key Findings,H2
Methodology,H2
Results and Discussion,H2
1.1.1 Data Preprocessing,H3
2.1.1 Previous Models,H3
Limitations:,H3
Future Work:,H3
Statistical Analysis,H3
This paper presents a novel approach to document understanding.,O
The quick brown fox jumps over the lazy dog.,O
"As shown in Figure 3, the results indicate a significant improvement.",O
All rights reserved. This document is confidential.,O
"For more information, please contact the authors.",O
The data was collected over a period of six months.,O
We used a standard dataset for our evaluation.,O
1. Introduction,H1
2. Background and Motivation,H1
CHAPTER I: THE BEGINNING,H1
Executive Summary,H1
Abstract,H1
1.1 System Architecture,H2
2.1 Related Work,H2
Key Findings,H2
Methodology,H2
Results and Discussion,H2
1.1.1 Data Preprocessing,H3
2.1.1 Previous Models,H3
Limitations:,H3
Future Work:,H3
Statistical Analysis,H3
This paper presents a novel approach to document understanding.,O
The quick brown fox jumps over the lazy dog.,O
"As shown in Figure 3, the results indicate a significant improvement.",O
All rights reserved. This document is confidential.,O
"For more information, please contact the authors.",O
The data was collected over a period of six months.,O
We used a standard dataset for our evaluation.,O
1. Introduction,H1
2. Background and Motivation,H1
CHAPTER I: THE BEGINNING,H1
Executive Summary,H1
Abstract,H1
1.1 System Architecture,H2
2.1 Related Work,H2
Key Findings,H2
Methodology,H2
Results and Discussion,H2
1.1.1 Data Preprocessing,H3
2.1.1 Previous Models,H3
Limitations:,H3
Future Work:,H3
Statistical Analysis,H3
This paper presents a novel approach to document understanding.,O
The quick brown fox jumps over the lazy dog.,O
"As shown in Figure 3, the results indicate a significant improvement.",O
All rights reserved. This document is confidential.,O
"For more information, please contact the authors.",O
The data was collected over a period of six months.,O
We used a standard dataset for our evaluation.,O
1. Introduction,H1
2. Background and Motivation,H1
CHAPTER I: THE BEGINNING,H1
Executive Summary,H1
Abstract,H1
1.1 System Architecture,H2
2.1 Related Work,H2
Key Findings,H2
Methodology,H2
Results and Discussion,H2
1.1.1 Data Preprocessing,H3
2.1.1 Previous Models,H3
Limitations:,H3
Future Work:,H3
Statistical Analysis,H3
This paper presents a novel approach to document understanding.,O
The quick brown fox jumps over the lazy dog.,O
"As shown in Figure 3, the results indicate a significant improvement.",O
All rights reserved. This document is confidential.,O
"For more information, please contact the authors.",O
The data was collected over a period of six months.,O
We used a standard dataset for our evaluation.,O
